SNPIndex	chrom	snp	pos	a0	a1	pi	trait	n_snps	ancestry1_sushie_weight	ancestry2_sushie_weight	sushie_pip_all	sushie_pip_cs	sushie_cs_index
0	1	snp1	1000000	G	A	0.02	locus1	50	4.614367361335319e-40	3.738825573042288e-40	1.2584465455913088e-37	1.2584465455913088e-37	No CS
1	1	snp2	1002000	G	A	0.02	locus1	50	2.6459234645840678e-39	2.109531027225562e-39	3.8003902565106e-37	3.8003902565106e-37	No CS
2	1	snp3	1004000	G	A	0.02	locus1	50	2.692856405993355e-39	2.4059619851398343e-39	3.988171472702364e-37	3.988171472702364e-37	No CS
3	1	snp4	1006000	G	A	0.02	locus1	50	-1.925472813575507e-40	-1.9004942121881494e-40	9.65805439303383e-38	9.65805439303383e-38	No CS
4	1	snp5	1008000	G	A	0.02	locus1	50	-2.1276941330503967e-40	-1.8404306919164136e-40	9.649393192580438e-38	9.649393192580438e-38	No CS
5	1	snp6	1010000	G	A	0.02	locus1	50	-8.335758696138678e-41	-1.265979669716299e-40	9.212394734855543e-38	9.212394734855543e-38	No CS
6	1	snp7	1012000	G	A	0.02	locus1	50	3.774103405345238e-40	2.3716342327228026e-40	1.175590014941012e-37	1.175590014941012e-37	No CS
7	1	snp8	1014000	G	A	0.02	locus1	50	-1.1765353011254848e-39	-9.205154348348273e-40	2.1344902240276665e-37	2.1344902240276665e-37	No CS
8	1	snp9	1016000	G	A	0.02	locus1	50	7.704902085935721e-41	6.516520022216568e-41	8.429948100649915e-38	8.429948100649915e-38	No CS
9	1	snp10	1018000	G	A	0.02	locus1	50	-8.728853563423022e-42	-2.545096527055198e-41	8.287444160633383e-38	8.287444160633383e-38	No CS
10	1	snp11	1020000	G	A	0.02	locus1	50	2.9588477196172227e-40	1.987090758784584e-40	1.060666883471695e-37	1.060666883471695e-37	No CS
11	1	snp12	1022000	G	A	0.02	locus1	50	6.485842142252548e-41	3.5654150155305907e-41	8.401589204785032e-38	8.401589204785032e-38	No CS
12	1	snp13	1024000	G	A	0.02	locus1	50	-1.212393700039314e-40	-7.642312851911253e-41	8.767357743998596e-38	8.767357743998596e-38	No CS
13	1	snp14	1026000	G	A	0.02	locus1	50	-5.416055818095015e-40	-4.1985318846572054e-40	1.3551887529464047e-37	1.3551887529464047e-37	No CS
14	1	snp15	1028000	G	A	0.02	locus1	50	-3.7567859543318726e-40	-3.146135671357284e-40	1.155901662372434e-37	1.155901662372434e-37	No CS
15	1	snp16	1030000	G	A	0.02	locus1	50	6.437406005568707e-40	4.858114535296539e-40	1.4828887683142307e-37	1.4828887683142307e-37	No CS
16	1	snp17	1032000	G	A	0.02	locus1	50	-9.931238188695717e-41	-8.608269249696017e-41	8.579032183991697e-38	8.579032183991697e-38	No CS
17	1	snp18	1034000	G	A	0.02	locus1	50	5.958367877489623e-31	4.590255472474538e-31	2.3921404935466817e-29	2.3921404935466817e-29	No CS
18	1	snp19	1036000	G	A	0.02	locus1	50	4.0635723780624475e-31	3.0536248681701596e-31	1.647689746786011e-29	1.647689746786011e-29	No CS
19	1	snp20	1038000	G	A	0.02	locus1	50	2.71484602976599e-35	2.1104492241711877e-35	1.534937738884041e-33	1.534937738884041e-33	No CS
20	1	snp21	1040000	G	A	0.02	locus1	50	1.2515216071378118e-25	1.0118368757420984e-25	3.975887524815306e-24	3.975887524815306e-24	No CS
21	1	snp22	1042000	G	A	0.02	locus1	50	1.054041417753384e-28	8.578753388680631e-29	3.799028863720036e-27	3.799028863720036e-27	No CS
22	1	snp23	1044000	G	A	0.02	locus1	50	6.800008533184859e-30	5.410644549908581e-30	2.585161943488927e-28	2.585161943488927e-28	No CS
23	1	snp24	1046000	G	A	0.02	locus1	50	2.864106157975665e-25	2.2807743747958436e-25	8.957686565950555e-24	8.957686565950555e-24	No CS
24	1	snp25	1048000	G	A	0.02	locus1	50	0.05186343995470461	0.04175916563375236	1.0	1.0	1
25	1	snp26	1050000	G	A	0.02	locus1	50	6.175622079104152e-19	4.972394769465179e-19	1.6097280978263107e-17	1.6097280978263107e-17	No CS
26	1	snp27	1052000	G	A	0.02	locus1	50	9.564824592801375e-31	7.67815304983892e-31	3.8125716439716056e-29	3.8125716439716056e-29	No CS
27	1	snp28	1054000	G	A	0.02	locus1	50	1.2842331801069204e-21	1.0279088261971445e-21	3.586162835787603e-20	3.586162835787603e-20	No CS
28	1	snp29	1056000	G	A	0.02	locus1	50	6.82297179498871e-31	5.5507227121262136e-31	2.7502872535164916e-29	2.7502872535164916e-29	No CS
29	1	snp30	1058000	G	A	0.02	locus1	50	1.9102728785258137e-29	1.4615270277915638e-29	7.077745984216979e-28	7.077745984216979e-28	No CS
30	1	snp31	1060000	G	A	0.02	locus1	50	8.448778042989912e-26	6.520860986122269e-26	2.684637493329947e-24	2.684637493329947e-24	No CS
31	1	snp32	1062000	G	A	0.02	locus1	50	8.750433572783982e-28	6.603018803389984e-28	3.0058902052068735e-26	3.0058902052068735e-26	No CS
32	1	snp33	1064000	G	A	0.02	locus1	50	-1.2883049260084477e-40	-3.665830667628098e-41	9.443720511053367e-38	9.443720511053367e-38	No CS
33	1	snp34	1066000	G	A	0.02	locus1	50	-2.8942955046790225e-40	-2.223934641677039e-40	1.0441600312857144e-37	1.0441600312857144e-37	No CS
34	1	snp35	1068000	G	A	0.02	locus1	50	-1.1950213854934981e-39	-1.0071423571566157e-39	2.1822846238443827e-37	2.1822846238443827e-37	No CS
35	1	snp36	1070000	G	A	0.02	locus1	50	-4.496196543213873e-41	-9.946019222451662e-41	9.122187768572029e-38	9.122187768572029e-38	No CS
36	1	snp37	1072000	G	A	0.02	locus1	50	-7.392654085137777e-40	-5.9610863213387634e-40	1.6068351920408695e-37	1.6068351920408695e-37	No CS
37	1	snp38	1074000	G	A	0.02	locus1	50	-1.0756420824295085e-40	-1.4784937089392333e-40	9.396333660777581e-38	9.396333660777581e-38	No CS
38	1	snp39	1076000	G	A	0.02	locus1	50	-8.717297060131054e-40	-8.11581286092441e-40	1.8534643092415595e-37	1.8534643092415595e-37	No CS
39	1	snp40	1078000	G	A	0.02	locus1	50	-6.371210437652321e-40	-4.503005486471128e-40	1.4822004476340087e-37	1.4822004476340087e-37	No CS
40	1	snp41	1080000	G	A	0.02	locus1	50	-7.473762021625077e-41	-1.367069762939021e-41	8.794761180806028e-38	8.794761180806028e-38	No CS
41	1	snp42	1082000	G	A	0.02	locus1	50	7.457484939437605e-40	5.831935436919963e-40	1.610638136322561e-37	1.610638136322561e-37	No CS
42	1	snp43	1084000	G	A	0.02	locus1	50	-7.354451539340013e-40	-6.001827566873467e-40	1.6046768678373083e-37	1.6046768678373083e-37	No CS
43	1	snp44	1086000	G	A	0.02	locus1	50	9.751273225421012e-40	7.134124844704865e-40	1.8945481561166744e-37	1.8945481561166744e-37	No CS
44	1	snp45	1088000	G	A	0.02	locus1	50	7.043274612539715e-41	9.409774478633462e-41	8.725580190221576e-38	8.725580190221576e-38	No CS
45	1	snp46	1090000	G	A	0.02	locus1	50	-4.720038626589878e-41	-4.3610625644190006e-41	8.299759427547521e-38	8.299759427547521e-38	No CS
46	1	snp47	1092000	G	A	0.02	locus1	50	-2.2575889445271943e-40	-1.5833332257471331e-40	9.746617290881051e-38	9.746617290881051e-38	No CS
47	1	snp48	1094000	G	A	0.02	locus1	50	-6.234095789487878e-41	-5.6603773198811e-41	8.365736415602622e-38	8.365736415602622e-38	No CS
48	1	snp49	1096000	G	A	0.02	locus1	50	-6.194062712498211e-40	-4.189661295772117e-40	1.4700520058788014e-37	1.4700520058788014e-37	No CS
49	1	snp50	1098000	G	A	0.02	locus1	50	-2.3640145770914816e-40	-1.861940608234284e-40	9.83951544503916e-38	9.83951544503916e-38	No CS
