chrom	snp	pos	a1	a0	beta	se	pval	z
1	snp1	1000000	A	G	0.12723001367621034	0.270011786150859	0.6375018421654272	0.4712017037846093
1	snp2	1002000	A	G	0.1507309589381148	0.2326241766569218	0.5170188241266772	0.647959129202703
1	snp3	1004000	A	G	0.5912308820564808	0.246163036712569	0.01632432381706035	2.4017857837317322
1	snp4	1006000	A	G	-0.28429692876545487	0.23334376199612472	0.22310120883629134	-1.2183609552424048
1	snp5	1008000	A	G	-0.1412431616441887	0.23047569870260187	0.5399936000609914	-0.612833207315467
1	snp6	1010000	A	G	-0.42951688118718634	0.23011006116725552	0.061976074814425026	-1.8665714963023365
1	snp7	1012000	A	G	-0.4641795712081837	0.39290172359495174	0.23745237414956716	-1.181413934662993
1	snp8	1014000	A	G	-0.0688411095310626	0.23815778060002477	0.7725409607179703	-0.2890567310361282
1	snp9	1016000	A	G	0.07725864364542338	0.37495164977133194	0.8367542518862068	0.20604961651066303
1	snp10	1018000	A	G	-0.13948469383305137	0.22535209131468062	0.535947529067414	-0.6189633875563888
1	snp11	1020000	A	G	-0.1601078172516902	0.22948059215914748	0.4853750981806711	-0.697696549173333
1	snp12	1022000	A	G	-0.190466214439589	0.4233644860656459	0.6527967369169381	-0.4498870847897614
1	snp13	1024000	A	G	0.13473001971317675	0.2686545923295593	0.6160254749347525	0.5014990383931464
1	snp14	1026000	A	G	-0.037051736046719616	0.28264493708072985	0.8957059586631693	-0.13108933218264862
1	snp15	1028000	A	G	-0.1845211862677889	0.2800098365049835	0.5099155014882651	-0.6589810864180297
1	snp16	1030000	A	G	-0.024142189826088633	0.23918133112652978	0.9196016697178852	-0.10093676505762536
1	snp17	1032000	A	G	-0.07521882746642708	0.2297337237933305	0.7433556056080782	-0.32741743886976854
1	snp18	1034000	A	G	0.1196646063147285	0.24435095259225592	0.6243343554524999	0.48972432906537794
1	snp19	1036000	A	G	-0.22327020804878256	0.28286064799354227	0.42992890175101733	-0.7893293380770302
1	snp20	1038000	A	G	0.18968397594031156	0.27688841918630375	0.49331674495636274	0.6850556498453014
1	snp21	1040000	A	G	0.9470597941585909	0.24319093138304582	9.880051500346333e-05	3.8943055514964637
1	snp22	1042000	A	G	0.9475968211517659	0.24663443060207438	0.0001223574632204724	3.842110847372483
1	snp23	1044000	A	G	0.9917790437197807	0.4249481247441844	0.01961172178913134	2.3338826223008375
1	snp24	1046000	A	G	0.6816709846892011	0.2355669790007973	0.0038108725466202177	2.8937459213538324
1	snp25	1048000	A	G	1.4280217013065366	0.23998317254982635	2.717673487987654e-09	5.950507638238863
1	snp26	1050000	A	G	1.3222537963423389	0.30059069291458657	1.0938746238781425e-05	4.398851419920908
1	snp27	1052000	A	G	1.3476619749433083	0.497261257264893	0.0067306300619331206	2.7101688604415113
1	snp28	1054000	A	G	0.8316575409248222	0.22847248091809283	0.000273242961973008	3.6400775164820427
1	snp29	1056000	A	G	0.837903322113643	0.24564971929969892	0.0006486068236620167	3.410967960811629
1	snp30	1058000	A	G	0.0319558029267229	0.2280471292928934	0.8885602180244837	0.14012806486890836
1	snp31	1060000	A	G	0.3103836851573727	0.4188548490442181	0.4586844201245126	0.7410292273460245
1	snp32	1062000	A	G	-0.15181326616003807	0.22229512220332634	0.4946554101714443	-0.6829356607347383
1	snp33	1064000	A	G	0.5914148496990448	0.33174243674387704	0.07464167199727473	1.7827530764647055
1	snp34	1066000	A	G	-0.01969223764337736	0.5005133556814726	0.9686164555700671	-0.039344080272474345
1	snp35	1068000	A	G	-0.38099281897934145	0.32016651311723454	0.23406706406185887	-1.1899833473210057
1	snp36	1070000	A	G	-0.6209892810068808	0.318480320315851	0.05120779505096617	-1.9498513452605746
1	snp37	1072000	A	G	-0.1201201663570379	0.2215471101115806	0.5876950989258752	-0.5421879179400726
1	snp38	1074000	A	G	-0.4534176435086199	0.237299658093431	0.056052451128964606	-1.910738713875844
1	snp39	1076000	A	G	-0.8234647018039132	0.38211520036278745	0.031172413230186356	-2.1550168666991003
1	snp40	1078000	A	G	0.1472725625819093	0.2224614898111571	0.5079700451785503	0.6620137386786625
1	snp41	1080000	A	G	0.301566730851733	0.2239986923859149	0.17822494362521782	1.3462879074855512
1	snp42	1082000	A	G	0.061661378863609	0.2589457707716721	0.8117868328552242	0.23812468023654076
1	snp43	1084000	A	G	-0.15994881805356428	0.24167397702120783	0.5080832155322714	-0.661837157748797
1	snp44	1086000	A	G	-0.10016536066050714	0.2257456607602256	0.65725785460618	-0.4437089081720919
1	snp45	1088000	A	G	0.34790988727193806	0.27560530010307166	0.20683819772316658	1.2623483189250198
1	snp46	1090000	A	G	-0.07560603383819473	0.3029179992152294	0.8029051313670592	-0.24959241126003576
1	snp47	1092000	A	G	0.0888474164177719	0.2271707816431039	0.6957244817791897	0.391104066179406
1	snp48	1094000	A	G	-0.0716044129240381	0.2430943432840576	0.7683376584009856	-0.29455400712622837
1	snp49	1096000	A	G	0.23166377291988222	0.23204820449567548	0.31812499171258757	0.9983433115691251
1	snp50	1098000	A	G	-0.06064730415858804	0.37844957587855865	0.8726841814594344	-0.16025200720015936
