chrom	snp	pos	a1	a0	beta	se	pval	z	locus
1	locusA_snp1	5000000	A	G	5.3584052381181885e-05	0.009092914621332854	0.9952981603094575	0.005892945728916066	A
1	locusA_snp2	5002000	A	G	0.0018014396670085289	0.007113347985847251	0.8000777788644517	0.2532477914187077	A
1	locusA_snp3	5004000	A	G	-0.010487736860377897	0.0067863911923413366	0.12225416276778944	-1.5454070599722647	A
1	locusA_snp4	5006000	A	G	0.013080519518180313	0.007188702637090583	0.06882684768424313	1.8195939070689215	A
1	locusA_snp5	5008000	A	G	-0.006223765982595419	0.007578630889575282	0.4115216715640506	-0.8212256373583868	A
1	locusA_snp6	5010000	A	G	-0.007811513688767885	0.007608596687282611	0.3045811115686311	-1.0266694385082127	A
1	locusA_snp7	5012000	A	G	-0.007447355706191018	0.006456961603706919	0.24875835094099308	-1.1533839231621754	A
1	locusA_snp8	5014000	A	G	-0.00419654249822275	0.006480667784959231	0.5172804088142949	-0.6475478511585437	A
1	locusA_snp9	5016000	A	G	-0.003737627898543814	0.0065837738730997125	0.5702392322084814	-0.5677029573897103	A
1	locusA_snp10	5018000	A	G	-0.004515643538716999	0.006370642594991643	0.4784390363154296	-0.7088207306225318	A
1	locusA_snp11	5020000	A	G	0.04203808416126256	0.008050257759532197	1.777509682127788e-07	5.2219550500089085	A
1	locusA_snp12	5022000	A	G	0.03343409700589119	0.00732996052322995	5.09601435539456e-06	4.561292915552899	A
1	locusA_snp13	5024000	A	G	0.08280616107339164	0.010165713905727408	3.859515465717017e-16	8.145631663580291	A
1	locusA_snp14	5026000	A	G	0.042790147335402824	0.008160907098849188	1.5836304767772823e-07	5.243307737376019	A
1	locusA_snp15	5028000	A	G	0.028425139582208554	0.007065306932818038	5.7497173744660445e-05	4.023199537188546	A
1	locusA_snp16	5030000	A	G	0.014257023603906138	0.006342467646723237	0.02458901276313488	2.247866981437716	A
1	locusA_snp17	5032000	A	G	0.012021282020926633	0.0065155838779165885	0.06504278421619793	1.8450045684578826	A
1	locusA_snp18	5034000	A	G	0.11543489937183171	0.011906588147308108	3.3108646145752932e-22	9.69504428503557	A
1	locusA_snp19	5036000	A	G	0.010154706952334312	0.0064637572860027385	0.11618379280876726	1.5710223176733944	A
1	locusA_snp20	5038000	A	G	0.023107239966122853	0.006976928126531287	0.00092713622795097	3.311950409558119	A
1	locusA_snp21	5040000	A	G	0.04673493417202659	0.008338121381872697	2.093839421847879e-08	5.604971675469922	A
1	locusA_snp22	5042000	A	G	0.058181936758776906	0.009108761797220869	1.7013092992172862e-10	6.387469345891613	A
1	locusA_snp23	5044000	A	G	0.1011556405440081	0.011179941060077463	1.5074761526699429e-19	9.047958303217317	A
1	locusA_snp24	5046000	A	G	0.011145592074588144	0.006339422065291557	0.07872979396035605	1.7581400890801149	A
1	locusA_snp25	5048000	A	G	0.014249893480349246	0.006335340504912756	0.02449963489535462	2.2492703382397727	A
1	locusA_snp26	5050000	A	G	-0.016734745129329934	0.007237800934335879	0.02077449796727652	-2.312131168175803	A
1	locusA_snp27	5052000	A	G	-0.01643235599503516	0.007150980850016134	0.021570657132440982	-2.29791637534564	A
1	locusA_snp28	5054000	A	G	0.0010578288132099807	0.007108705026149201	0.8817061114401439	0.14880752673219425	A
1	locusA_snp29	5056000	A	G	-0.000707076297388808	0.00630948340585579	0.9107718107704704	-0.11206564022857642	A
1	locusA_snp30	5058000	A	G	0.006982558633954471	0.009275785176890677	0.4515900080300121	0.752772784276046	A
1	locusB_snp1	5208000	A	G	-0.0031293244446725646	0.006938809889090873	0.6519996913308994	-0.45098864137962	B
1	locusB_snp2	5210000	A	G	0.0026569416502522604	0.0063878169681841615	0.6774564888013049	0.4159389136360208	B
1	locusB_snp3	5212000	A	G	-0.00152447204513324	0.009663917842628138	0.8746553329765067	-0.15774886231013882	B
1	locusB_snp4	5214000	A	G	-0.012921755621052826	0.009241148055319025	0.16203380287935565	-1.3982846658987695	B
1	locusB_snp5	5216000	A	G	0.0020271590489365004	0.00830857741107297	0.8072442968561067	0.24398389142223964	B
1	locusB_snp6	5218000	A	G	0.011804714653123969	0.006635131308908468	0.0752256739311257	1.7791229899662586	B
1	locusB_snp7	5220000	A	G	0.023280703724613598	0.00633128007350168	0.00023615423534596703	3.6770926975810747	B
1	locusB_snp8	5222000	A	G	0.07942283144937687	0.008855376704171454	3.096250975843507e-19	8.968882307622621	B
1	locusB_snp9	5224000	A	G	0.02432815625470629	0.00729055874782881	0.0008476799100591775	3.33693988296184	B
1	locusB_snp10	5226000	A	G	0.02012750217991457	0.006591990416390269	0.0022643807817117946	3.0533269784297197	B
1	locusB_snp11	5228000	A	G	-0.00753060103025507	0.007692733916927619	0.32762232234893607	-0.9789238925428343	B
1	locusB_snp12	5230000	A	G	-0.012166386247990093	0.00653113621879746	0.06249226828595822	-1.862828432972145	B
1	locusB_snp13	5232000	A	G	0.002141159870546773	0.0072770390970401996	0.7685795305131685	0.2942350373543616	B
1	locusB_snp14	5234000	A	G	0.000274695643725184	0.006334761972266492	0.9654121736522949	0.04336321473921168	B
1	locusB_snp15	5236000	A	G	-0.006922046941673645	0.010449111505874572	0.507683897355331	-0.6624531605181949	B
